name	0	1	2	3	4	5	6	7	8	9	10	11	12	13	14	15	16	17	18	19	20	21	22	23	24	25	26	27	28	29	30	31	32	33	34	35	36	37	38	39	40	41	42	43	44	45	46	47	48	49	50	51	52	53	54	55	56	57	58	59	60	61	62	63	64	65	66	67	68	69	70	71	72	73	74	75	76	77	78	79	80	81	82	83	84	85	86	87	88	89	90	91	92	93	94	95	96	97	98	99	100	101	102
Anthony_Davis	 	 	 	 	 	 	 	 	 	 	 	 	 	 	 	 	 	 	 	 	 	 	 	 	 	 	 	 	-101	-101	-101	-101	-101	-101	-101	-101	-101	-101	-101	-101	-101	-101	-101	-101	-101	-101	-101	-101	-101	-101	-101	-101	-101	-101	-101	-101	-101	-101	-101	-101	-101	-101	-101	-101	-101	-101	-101	-101	-101	-101	-101	-101	-101	-101	-101	-101	-101	-101	-101	-101	-101	-101	-101	-101	-101	-101	-101	-101	-101	-101	-101	-101	-101	-101	-101	-101	-101	-101	-101	-101	-101	-101
Isaiah_Thomas	 	 	 	 	 	 	 	 	 	 	 	 	 	 	 	 	-52	-52	-52	-52	-52	-52	-52	-52	-52	-52	-52	-52	-52	-52	-52	-52	-52	-52	-52	-52	-52	-52	-52	-52	-52	-52	-52	-52	-52	-52	-52	-52	-52	-52	-52	-52	-52	84	84	84	84	84	84	84	54	54	54	54	54	54	54	54	54	54	54	54	54	54	54	54	54	54	54	54	54	54	54	54	54	54	54	54	54	56	88	88	88	88	88	88	-95	-95	-95	-95	104	104
Paul_George	 	 	 	 	-62	-62	-62	-62	-62	-62	-62	-62	-62	-62	-62	-62	-62	-62	-62	-62	-62	-62	-62	-62	-62	-62	-62	-62	-62	-62	-62	-62	-62	-62	-62	-62	-62	-62	-62	-62	-62	-62	-62	-62	-62	-62	-62	-62	-62	-62	-62	-62	-62	-63	-63	-63	-63	-63	-63	-63	-63	-63	-63	-63	-63	-63	-63	-63	-63	-63	-63	-63	-63	-63	-63	-63	-63	-63	-63	-63	-63	-63	-63	-63	-63	-63	-63	-63	100	100	100	100	100	100	100	100	100	100	100	100	100	100
Jaylen_Brown	 	 	 	 	 	 	 	 	 	 	 	 	 	 	 	 	 	 	 	 	 	 	 	 	 	 	 	 	 	 	 	 	 	 	 	 	 	 	 	 	 	 	 	 	 	 	 	 	 	 	 	 	 	 	 	 	 	 	 	 	 	 	 	 	 	 	 	 	 	 	 	 	 	 	 	 	59	59	59	59	59	58	58	58	58	58	58	58	58	58	58	58	58	58	58	58	58	58	58	58	58	58
Gerald_Green	 	 	 	 	 	 	 	 	 	 	 	 	 	 	 	 	 	 	 	 	 	 	 	 	-105	-105	-105	-105	-105	-64	-64	-64	-64	-64	-64	-64	-64	-64	-64	-64	-64	-64	-64	-64	-64	-64	-64	-64	-64	-64	-64	-64	-64	-64	-64	-64	-64	-64	-64	-64	-64	-64	-64	-64	-64	-64	-64	-64	-64	-64	-64	-64	-64	-64	-64	-64	-64	-64	-64	-64	-64	-64	-64	-64	-64	-64	-64	-64	-64	-64	-111	-111	71	71	71	72	72	72	72	72	72
Brad_Wanamaker	 	 	 	 	 	 	 	 	 	 	 	 	 	 	 	 	 	 	 	 	 	 	 	 	 	 	 	 	 	 	 	 	 	 	 	 	 	 	 	 	 	 	 	 	 	 	 	 	 	 	 	 	 	 	 	 	 	 	 	 	 	 	 	 	 	 	 	 	 	 	 	 	 	 	 	 	 	 	 	 	 	 	 	 	 	 	 	 	 	 	 	 	 	 	 	 	 	 	 	 	 	66
TJ_McConnell	 	 	 	 	 	 	 	 	 	 	 	 	 	 	 	 	 	 	 	 	 	 	 	 	 	 	 	 	 	 	 	 	 	 	 	 	 	 	 	 	 	 	 	 	 	 	 	 	 	 	 	 	 	 	 	 	 	 	 	 	 	 	 	 	 	 	 	28	28	28	28	28	28	28	28	28	28	28	28	28	28	28	28	28	28	28	28	28	28	28	28	28	27	27	27	27	27	27	27	27	27	27
CJ_Miles	 	 	 	 	 	 	 	 	 	 	 	 	 	 	 	 	 	 	 	 	 	 	 	 	 	 	 	 	 	 	95	95	95	95	95	95	95	95	95	95	95	95	95	95	95	95	95	95	95	95	95	95	95	-62	-62	-62	-62	-62	-62	-62	-62	-62	-62	-62	-62	-62	-62	-62	-62	-62	-62	-62	-62	-62	-62	-62	-62	-62	-62	-62	-62	-62	-62	-62	-62	-62	-62	-62	-63	-22	-22	-22	-22	-22	-22	-22	-22	-22	-22	-22	-22	-22
Joel_Embiid	 	 	 	 	 	 	 	 	 	 	 	 	 	 	 	 	 	 	 	 	 	 	 	 	 	 	 	 	 	 	 	 	 	 	 	 	 	 	 	 	 	 	 	 	 	 	 	 	 	 	 	 	25	25	25	25	25	25	25	25	25	25	25	25	25	25	25	25	25	25	25	25	25	25	25	25	25	25	25	25	25	25	25	25	25	25	25	25	25	25	25	25	25	25	25	25	25	25	25	25	25	25
Shake_Milton	 	 	 	 	 	 	 	 	 	 	 	 	 	 	 	 	 	 	 	 	 	 	 	 	 	 	 	 	 	 	 	 	 	 	 	 	 	 	 	 	 	 	 	 	 	 	 	 	 	 	 	 	 	 	 	 	 	 	 	 	 	 	 	 	 	 	 	 	 	 	 	 	 	 	 	 	 	 	 	 	 	 	 	 	 	 	 	 	 	 	 	 	 	 	 	 	 	 	 	 	32	32
LeBron_James	 	 	 	 	 	-71	-71	-71	-71	-71	-71	-71	-71	-71	-71	-71	-71	-71	-71	-71	-71	-71	-71	-71	-71	-71	-71	-71	-71	-71	-71	-71	-71	-71	-71	-71	-71	-71	-71	-71	-71	-71	-71	-71	-71	-71	-71	-71	-71	-71	-71	-71	-71	92	92	92	92	92	92	92	92	92	92	92	92	92	92	92	92	92	92	92	92	92	92	92	92	92	92	92	92	92	92	92	92	92	92	92	92	92	92	92	92	92	92	92	92	92	92	92	83	-65
Dwyane_Wade	 	 	 	 	 	 	 	 	 	 	 	 	 	 	 	 	 	 	 	 	 	 	 	 	 	 	 	 	 	 	 	 	 	 	 	 	 	 	 	 	 	 	 	 	 	 	 	 	 	 	 	 	 	 	 	 	 	 	 	 	 	 	 	 	 	 	 	 	 	 	 	 	 	 	 	 	 	-79	-79	-79	-79	-79	-79	-79	-79	-79	-79	-79	-80	-80	-80	86	86	86	86	86	82	82	82	82	82	82
Kenneth_Faried	 	 	 	 	 	 	 	 	 	 	 	 	 	 	 	 	106	106	106	106	106	106	106	106	106	106	106	106	106	106	106	106	106	106	106	106	106	106	106	106	106	106	106	106	106	106	106	106	106	106	106	106	106	106	106	106	106	106	106	106	106	106	106	106	106	106	106	106	106	106	106	106	106	106	106	106	106	106	106	106	106	106	106	106	106	106	106	106	106	106	106	106	106	106	106	106	106	106	106	106	106	47	46
Vince_Carter	 	 	 	 	 	 	 	 	 	 	-29	-29	-29	-29	-29	-29	-29	-29	-29	-29	-29	-29	-29	-29	-29	-29	-29	-29	-29	-29	-29	-29	-29	-29	-29	-29	-29	-29	-29	-29	-29	-29	-29	-29	-29	-29	-29	-29	-29	-29	-29	-29	-29	-29	-29	-29	-29	-29	-29	-29	-29	-29	-29	-29	-29	-29	-29	-29	-29	-29	-29	-29	-29	-29	-29	-29	-29	-29	-29	-29	-29	-29	-29	-29	-29	-29	-29	-29	-29	-31	-31	-31	-31	-31	-31	-31	-31	-31	-31	-31	-31
JR_Smith	 	 	 	 	 	 	 	 	 	 	 	 	 	 	 	 	 	 	 	 	 	 	 	 	3	3	3	3	3	3	3	3	3	3	3	3	3	3	3	3	3	93	93	93	93	93	93	93	93	93	93	93	93	93	93	93	93	93	93	93	93	93	93	93	93	93	93	93	93	93	93	93	93	93	93	93	93	93	93	93	93	93	93	93	93	93	93	93	93	93	93	93	93	93	93	93	93	93	93	93	92
Kyle_Korver	 	 	 	 	 	-2	-2	-2	-2	-2	-2	-2	-2	-2	-2	-2	-2	-2	-2	-2	-2	-2	-2	-2	-2	-2	-2	-2	-2	-2	-2	-2	-2	-2	-2	-2	-2	-2	-2	-2	-2	-2	-2	-2	-2	-2	-2	-2	-2	-2	-2	-2	-2	-2	-2	-2	-2	-2	-2	-2	-2	4	4	4	4	4	4	4	4	4	4	4	4	4	4	4	4	4	4	4	4	4	4	4	4	4	4	4	4	91	91	91	91	91	91	91	91	91	91	91	91	91
PJ_Tucker	 	 	 	 	 	 	 	 	 	 	 	 	 	 	 	 	 	 	 	 	 	 	 	 	 	 	 	 	 	 	86	86	86	86	86	86	86	86	86	86	86	86	86	86	86	86	86	86	86	86	86	86	86	86	86	86	86	86	86	86	86	86	86	86	86	86	86	86	86	86	86	-67	-67	-67	-67	-67	-67	-67	-67	-67	-67	-67	-67	-67	-21	-21	-21	-21	-21	73	73	73	73	73	73	73	73	73	73	73	73	74
Landry_Shamet	 	 	 	 	 	 	 	 	 	 	 	 	 	 	 	 	 	 	 	 	 	 	 	 	 	 	 	 	 	 	 	 	 	 	 	 	 	 	 	 	 	 	 	 	 	 	 	 	 	 	 	 	 	 	 	 	 	 	 	 	 	 	 	 	 	 	 	 	 	 	 	 	 	 	 	 	 	 	 	 	 	 	 	 	 	 	 	 	 	 	 	 	 	 	 	 	 	 	 	 	33	33
Gordon_Hayward	 	 	 	 	-47	-47	-47	-47	-47	-47	-47	-47	-47	-47	-47	-47	-47	-47	-47	-47	-47	-47	-47	-47	-47	-47	-47	-47	-47	-47	-47	-47	-47	-47	-47	-47	-47	-47	-47	-47	-47	-47	-47	-47	-47	-47	-47	-47	-47	-47	-47	-47	-47	-47	-47	-47	-47	-47	-47	-47	-47	-47	-47	-47	-47	-47	-47	-47	-47	-47	-47	-47	-47	-47	-47	-47	-47	-47	-47	-47	-47	-47	-47	-47	-47	-47	-47	-47	-47	53	54	54	54	55	55	55	55	55	55	55	55
Michael_Carter-Williams	 	 	 	 	 	 	 	 	 	 	 	 	 	 	 	 	 	 	 	 	 	 	 	 	 	 	 	 	 	 	 	 	 	 	 	 	 	 	 	 	-74	-74	-74	-74	-74	24	24	24	24	24	24	24	24	24	24	24	24	24	24	24	-111	-111	-111	-111	-111	-111	-111	-111	-111	-111	-111	-111	-111	-111	-111	-111	-111	-112	-112	-112	-82	-82	-82	-82	-82	-82	-82	-82	-82	-82	-82	-82	-82	-82	-82	-82	-82	-82	-82	-82	-82	-82
Andre_Iguodala	 	 	 	 	 	 	 	 	 	 	 	 	 	 	 	 	 	 	 	 	 	 	 	 	 	 	 	 	 	 	108	108	108	108	108	108	108	108	108	108	108	12	12	12	12	12	12	12	12	12	12	12	12	12	12	12	12	12	12	12	12	12	12	12	12	12	12	12	12	12	12	12	12	12	12	12	12	12	12	12	12	12	12	12	12	12	12	12	12	12	12	12	12	12	12	12	12	12	12	12	12	12
Andre_Drummond	 	 	 	 	 	 	 	 	 	 	 	 	 	 	 	 	 	 	 	 	 	 	 	 	 	 	 	 	-120	-120	-120	-120	-120	-120	-120	-120	-120	-120	-120	-120	-120	-120	-120	-120	-120	-120	-120	-120	-120	-120	-120	-120	-120	-120	-120	-120	-120	-120	-120	-120	-120	-120	-120	-120	-120	-120	-120	-120	-119	-119	-119	-119	-119	-119	-119	-119	-119	-119	-119	-119	-119	-119	-119	-119	-119	-119	-119	-119	-119	-119	-119	-119	-119	-119	-119	-119	-119	-119	-119	-119	-119	-119
Quinn_Cook	 	 	 	 	 	 	 	 	 	 	 	 	 	 	 	 	 	 	 	 	 	 	 	 	 	 	 	 	 	 	 	 	 	 	 	 	 	 	 	 	 	 	 	 	 	 	 	 	 	 	 	 	 	 	 	 	 	 	 	 	 	 	 	 	 	 	 	98	-67	-67	-67	-71	-71	-71	-71	-71	-71	39	39	39	39	39	39	39	-56	-56	-56	-56	-56	36	36	5	 	17	17	17	17	16	16	16	15
Jahlil_Okafor	 	 	 	 	 	 	 	 	 	 	 	 	 	 	 	 	 	 	 	 	 	 	 	 	 	 	 	 	 	 	 	 	 	 	 	 	 	 	 	 	 	 	 	 	 	 	 	 	 	 	 	 	 	 	 	 	 	 	 	 	 	 	 	 	27	27	27	27	27	27	27	27	27	27	27	27	27	27	27	27	27	27	27	27	27	27	27	27	27	27	27	27	46	46	46	46	46	46	46	46	46	46
Chris_Boucher	 	 	 	 	 	 	 	 	 	 	 	 	 	 	 	 	 	 	 	 	 	 	 	 	 	 	 	 	 	 	 	 	 	 	 	 	 	 	 	 	 	 	 	 	 	 	 	 	 	 	 	 	 	 	 	 	 	 	 	 	 	 	 	 	 	 	 	 	 	 	 	 	 	 	 	 	 	 	 	 	 	 	 	 	 	 	 	 	 	16	16	16	16	16	16	16	16	15	15	15	81	17
Jonas_Jerebko	 	 	 	 	 	 	 	 	 	 	 	 	 	 	 	 	 	 	 	 	 	 	 	 	 	 	 	 	 	 	 	 	 	 	 	 	 	 	 	 	 	 	 	 	 	 	 	 	 	 	 	 	 	 	 	 	 	 	 	 	55	55	55	55	55	55	55	55	55	55	55	55	55	55	55	55	55	55	55	55	55	55	55	55	55	55	55	55	55	68	68	68	68	68	68	68	68	68	68	68	68	16
Ben_Moore	 	 	 	 	 	 	 	 	 	 	 	 	 	 	 	 	 	 	 	 	 	 	 	 	 	 	 	 	 	 	 	 	 	 	 	 	 	 	 	 	 	 	 	 	 	 	 	 	 	 	 	 	 	 	 	 	 	 	 	 	 	 	 	 	 	 	 	 	 	 	 	 	 	 	 	 	 	 	 	 	 	 	 	 	 	 	 	 	 	 	-66	-66	-6	-6	-6	-66	-66	-66	-66	-66	-66	-71
Clint_Capela	 	 	 	 	 	 	 	 	 	 	 	 	 	 	 	 	 	 	 	 	 	 	 	 	 	 	 	 	 	 	 	 	 	 	 	 	 	 	 	 	 	 	 	 	 	 	 	 	 	 	 	 	78	78	78	78	78	78	78	77	77	77	77	77	77	77	77	77	77	77	77	77	77	77	77	77	77	77	77	77	77	77	77	77	77	77	77	77	77	77	77	77	77	77	77	77	77	77	77	77	77	77
Kyrie_Irving	 	 	 	 	 	 	 	 	 	 	 	 	 	 	 	 	94	94	94	94	94	94	94	94	94	94	94	94	94	94	94	94	94	94	94	94	94	94	94	94	94	94	94	94	94	94	94	94	94	94	94	94	94	94	94	94	94	94	94	94	94	94	94	94	94	94	94	94	94	94	94	94	94	94	94	94	94	94	94	94	94	94	94	94	94	94	94	94	94	94	64	64	64	64	64	64	64	64	64	64	64	64
Semi_Ojeleye	 	 	 	 	 	 	 	 	 	 	 	 	 	 	 	 	 	 	 	 	 	 	 	 	 	 	 	 	 	 	 	 	 	 	 	 	 	 	 	 	 	 	 	 	 	 	 	 	 	 	 	 	 	 	 	 	 	 	 	 	 	 	 	 	 	 	 	 	 	 	 	 	 	 	 	 	 	 	 	 	 	 	 	 	 	 	 	 	60	60	60	60	60	60	60	60	60	60	60	60	60	60
Andrew_Wiggins	 	 	 	 	 	 	 	 	 	 	 	 	 	 	 	 	 	 	 	 	 	 	 	 	 	 	 	 	 	 	 	 	 	 	 	 	 	 	 	 	 	 	 	 	 	 	 	 	 	 	 	 	96	95	-75	-75	-75	-75	-75	-75	-75	-75	-75	-75	-75	-75	-75	-75	-75	-75	-75	-75	-75	-75	-75	-75	-75	-75	-75	-75	-75	-75	-75	-75	-75	-75	-75	-75	-75	-75	-75	-75	-75	-75	-75	-75	-75	-75	-75	-75	-75
Kevin_Durant	 	 	 	 	 	 	 	 	 	 	 	 	 	 	 	 	 	 	 	 	 	 	 	 	 	 	 	 	 	 	 	 	 	 	 	 	 	 	 	 	 	 	 	 	 	 	 	 	 	 	 	 	 	 	 	 	 	 	 	 	 	 	 	 	 	 	 	 	 	 	 	 	 	 	 	 	 	14	14	14	14	13	13	13	13	13	13	13	13	13	13	13	13	13	13	13	13	13	13	13	13	13
Pascal_Siakam	 	 	 	 	 	 	 	 	 	 	 	 	 	 	 	 	 	 	 	 	 	 	 	 	 	 	 	 	 	 	 	 	 	 	 	 	 	 	 	 	 	 	 	 	 	 	 	 	 	 	 	 	 	 	 	 	 	 	 	 	 	 	 	 	 	 	 	 	 	 	 	 	 	 	 	 	-16	-16	-16	-16	-16	-16	-16	-16	-10	-8	-15	-15	-15	-15	-15	-15	-15	-15	-15	-15	-15	-15	-15	-15	-15	-15
Fred_VanVleet	 	 	 	 	 	 	 	 	 	 	 	 	 	 	 	 	 	 	 	 	 	 	 	 	 	 	 	 	 	 	 	 	 	 	 	 	 	 	 	 	 	 	 	 	 	 	 	 	 	 	 	 	 	 	 	 	 	 	 	 	 	 	 	 	 	 	 	 	 	 	 	 	 	 	 	 	 	-15	-15	-15	-15	-8	-8	-8	-7	-6	-14	-14	-14	-14	-14	-14	-14	-14	-14	-14	-14	-14	-14	-14	-14	-14
Al_Horford	 	 	 	 	 	 	 	 	 	 	 	 	 	 	 	 	 	 	 	 	 	 	 	 	 	 	 	 	 	 	 	 	 	 	 	 	 	 	 	 	 	 	 	 	 	 	 	 	 	 	 	 	 	 	 	 	 	 	 	 	 	 	 	 	 	 	 	 	 	 	 	 	 	 	 	 	 	60	60	60	60	59	59	59	59	59	59	59	59	59	59	59	59	59	59	59	59	59	59	59	59	59
Delon_Wright	 	 	 	 	 	 	 	 	 	 	 	 	 	 	 	 	 	 	 	 	 	 	 	 	 	 	 	 	 	 	 	 	 	 	 	 	 	 	 	 	 	 	 	 	 	 	 	 	 	 	 	 	 	 	 	 	 	 	 	 	 	 	 	 	-18	-18	-18	-18	-18	-8	-8	-8	-8	-7	-7	-7	-7	-7	-7	-7	-7	-7	-7	-7	-16	-16	-16	-16	-16	-16	-16	-16	-16	-16	-16	-16	-16	-16	-16	-16	-16	-16
Marcus_Morris	 	 	 	 	 	 	 	 	 	 	 	 	 	 	 	 	85	85	85	85	85	85	85	85	85	85	85	85	85	85	85	85	85	85	85	85	85	85	85	85	85	85	85	85	85	85	85	85	85	85	85	85	85	85	85	85	85	85	85	85	85	85	85	85	85	-117	-117	-117	-117	-117	-117	-117	-117	-117	-117	-117	-117	-117	-117	-117	-117	-117	-117	-117	-117	-117	-117	-117	-117	52	53	53	53	54	54	54	54	54	54	54	54	55
Seth_Curry	 	 	 	 	 	 	 	 	 	 	 	 	 	 	 	 	 	 	 	 	 	 	 	 	 	 	 	 	 	 	 	 	 	 	 	 	 	 	 	 	 	13	13	13	-25	-25	-25	-23	-23	92	89	89	89	89	89	-89	-89	-89	-89	-89	-89	84	84	84	84	-51	-51	-51	-51	-51	-51	-51	-51	-51	-51	-51	-51	-57	-57	-57	-57	-57	-57	-57	-57	-59	-59	-59	-59	-59	-59	-59	-59	-59	-59	-59	-59	-59	-59	-59	-59	-59	-59
Malachi_Richardson	 	 	 	 	 	 	 	 	 	 	 	 	 	 	 	 	 	 	 	 	 	 	 	 	 	 	 	 	 	 	 	 	 	 	 	 	 	 	 	 	 	 	 	 	 	 	 	 	 	 	 	 	 	 	 	 	 	 	 	 	 	 	 	 	 	 	 	 	 	 	 	 	 	 	 	 	48	-51	-51	-51	-51	-10	-10	-10	-9	-7	-6	-6	-6	-5	-5	-5	-5	-5	-5	-5	-10	-4	-10	-10	-10	-10
Aron_Baynes	 	 	 	 	 	 	 	 	 	 	 	 	 	 	 	 	 	 	 	 	 	 	 	 	 	 	 	 	 	 	 	 	 	 	 	-36	-34	-34	-34	-34	-34	-34	-34	-34	-34	-34	-36	-36	-36	-36	-36	-36	-36	-36	-36	-36	-36	-36	-36	-36	-36	-36	-36	-36	-36	-118	-118	-118	-118	-118	-118	-118	-118	-118	-118	-118	-118	-118	-118	-118	-118	-118	-118	-118	-118	-118	-118	-118	-118	51	52	52	52	53	53	53	53	53	53	53	53	54
Robert_Williams	 	 	 	 	 	 	 	 	 	 	 	 	 	 	 	 	 	 	 	 	 	 	 	 	 	 	 	 	 	 	 	 	 	 	 	 	 	 	 	 	 	 	 	 	 	 	 	 	 	 	 	 	 	 	 	 	 	 	 	 	 	 	 	 	 	 	 	 	 	 	 	 	 	 	 	 	 	 	 	 	 	 	 	 	 	 	 	 	 	 	 	 	 	 	 	 	 	 	 	 	65	65
Jacob_Evans	 	 	 	 	 	 	 	 	 	 	 	 	 	 	 	 	 	 	 	 	 	 	 	 	 	 	 	 	 	 	 	 	 	 	 	 	 	 	 	 	 	 	 	 	 	 	 	 	 	 	 	 	 	 	 	 	 	 	 	 	 	 	 	 	 	 	 	 	 	 	 	 	 	 	 	 	 	 	 	 	 	 	 	 	 	 	 	 	 	 	 	 	 	 	 	 	 	 	 	 	16	14
Lance_Stephenson	 	 	 	 	-63	-63	-63	-63	-63	-63	-63	-63	-63	-63	-63	-63	-63	-63	-63	-63	-63	-63	-63	-63	-63	-63	-63	-63	-63	-63	-63	-63	-63	-63	-63	-63	-63	-63	-63	-63	-63	-63	-63	-63	-63	-63	-63	-63	-63	-63	-63	-63	-63	-67	-67	-67	-67	-67	-67	-67	-67	-67	-67	-67	-105	-105	-105	-105	-105	-105	-105	-105	-30	-30	-30	-30	-30	-30	-30	38	43	41	41	41	-73	-65	-65	-65	-65	-67	-67	-67	-67	-67	-67	-67	-67	-67	-67	-67	-67	-67	-67
Markelle_Fultz	 	 	 	 	 	 	 	 	 	 	 	 	 	 	 	 	 	 	 	 	 	 	 	 	 	 	 	 	 	 	 	 	 	 	 	 	 	 	 	 	 	 	 	 	 	 	 	 	 	 	 	 	 	 	 	 	 	 	 	 	 	 	 	 	 	 	 	 	 	 	 	 	 	 	 	 	 	 	 	 	 	 	 	 	 	 	 	 	31	31	31	31	29	29	29	29	29	29	29	29	29	29
Jonah_Bolden	 	 	 	 	 	 	 	 	 	 	 	 	 	 	 	 	 	 	 	 	 	 	 	 	 	 	 	 	 	 	 	 	 	 	 	 	 	 	 	 	 	 	 	 	 	 	 	 	 	 	 	 	 	 	 	 	 	 	 	 	 	 	 	 	 	 	 	 	 	 	 	 	 	 	 	 	 	 	 	 	 	 	 	 	 	 	 	 	30	30	30	30	28	28	28	28	28	28	28	28	28	28
Lorenzo_Brown	 	 	 	 	 	 	 	 	 	 	 	 	 	 	 	 	 	 	 	 	 	 	 	 	 	 	 	 	 	 	 	 	 	 	 	 	 	 	 	 	25	25	25	25	25	25	-32	-32	23	23	23	23	23	23	23	-119	-119	-119	-119	-119	-119	-119	-119	-119	-119	-119	-119	-119	-68	-68	-68	-68	-68	-116	-116	-116	-116	-116	-116	-116	37	38	38	38	38	38	38	38	38	-11	-11	-11	-11	-11	-11	-11	-11	-11	-11	-11	-11	-11
Brandon_Ingram	 	 	 	 	 	 	 	 	 	 	 	 	 	 	 	 	 	 	 	 	 	 	 	 	 	 	 	 	 	 	 	 	 	 	 	 	 	 	 	 	 	 	 	 	 	 	 	 	 	 	 	 	 	 	 	 	 	 	 	 	 	 	 	 	 	 	 	 	 	 	 	 	 	 	 	 	-97	-97	-97	-97	-97	-97	-97	-97	-97	-97	-97	-97	-97	-97	-97	-97	-97	-97	-97	-97	-97	-97	-97	-97	-97
Taurean_Prince	 	 	 	 	 	 	 	 	 	 	 	 	 	 	 	 	 	 	 	 	 	 	 	 	 	 	 	 	 	 	 	 	 	 	 	 	 	 	 	 	 	 	 	 	 	 	 	 	 	 	 	 	 	 	 	 	 	 	 	 	 	 	 	 	 	 	 	 	 	 	 	 	 	 	 	 	-46	3	3	3	3	3	-2	-2	3	3	3	3	3	3	3	3	3	3	3	3	3	37	37	37	37	37
Mike_Muscala	 	 	 	 	 	 	 	 	 	 	 	 	 	 	 	 	 	 	 	 	 	 	 	 	 	 	 	 	 	 	 	 	 	 	 	 	 	 	 	 	0	0	0	0	0	0	0	0	0	0	0	0	-1	-1	-1	-1	-1	-1	76	76	76	5	5	5	5	5	5	5	5	5	5	5	5	5	5	5	5	5	5	5	5	5	5	5	5	5	5	5	5	4	4	4	4	4	0	0	0	0	-1	-1	-1	20
Eric_Gordon	 	 	 	 	 	 	 	 	 	 	 	 	 	 	 	 	 	 	 	 	 	 	-102	-102	-102	-102	-102	-102	-102	-102	-102	-102	-102	-102	-102	-102	-102	-102	-102	-102	-102	-102	-102	-102	-102	-102	-102	-102	-102	-102	-102	-102	-102	-102	-102	-102	-102	-102	-102	-102	-102	-102	-102	-102	-102	-102	-102	-102	-102	-102	-102	-102	-102	-102	-102	-102	-102	75	75	75	75	75	75	75	75	75	75	75	75	75	75	75	75	75	75	75	75	75	75	75	75	75
Malcolm_Miller	 	 	 	 	 	 	 	 	 	 	 	 	 	 	 	 	 	 	 	 	 	 	 	 	 	 	 	 	 	 	 	 	 	 	 	 	 	 	 	 	 	 	 	 	 	 	 	 	 	 	 	 	 	 	 	 	 	 	 	 	 	 	 	 	 	 	58	58	-6	-6	-6	-6	-6	-6	-6	-6	-6	-6	-6	-6	-6	-6	-6	-6	-6	-5	-5	-5	-5	-12	-12	-12	-12	-12	-12	-12	-12	-12	-12	-12	-12	-12
Jayson_Tatum	 	 	 	 	 	 	 	 	 	 	 	 	 	 	 	 	 	 	 	 	 	 	 	 	 	 	 	 	 	 	 	 	 	 	 	 	 	 	 	 	 	 	 	 	 	 	 	 	 	 	 	 	 	 	 	 	 	 	 	 	 	 	 	 	 	 	 	 	 	 	 	 	 	 	 	 	 	 	 	 	 	 	 	 	 	 	 	 	61	61	61	61	61	61	61	61	61	61	61	61	61	61
Guerschon_Yabusele	 	 	 	 	 	 	 	 	 	 	 	 	 	 	 	 	 	 	 	 	 	 	 	 	 	 	 	 	 	 	 	 	 	 	 	 	 	 	 	 	 	 	 	 	 	 	 	 	 	 	 	 	 	 	 	 	 	 	 	 	 	 	 	 	 	 	 	 	 	 	 	 	 	 	 	 	58	58	58	58	58	57	57	57	57	57	57	57	57	57	57	57	57	-1	-2	-2	-2	-2	-2	-2	-2	-2
Patrick_McCaw	 	 	 	 	 	 	 	 	 	 	 	 	 	 	 	 	 	 	 	 	 	 	 	 	 	 	 	 	 	 	 	 	 	 	 	 	 	 	 	 	 	 	 	 	 	 	 	 	 	 	 	 	 	 	 	 	 	 	 	 	 	 	 	 	 	 	 	 	 	 	 	 	 	 	 	 	-110	8	8	8	8	8	-1	-1	-2	-2	-3	-3	-3	-3	-3	-3	-3	-3	-3	-3	7	7	7	7	7	7
Blake_Griffin	 	 	 	 	 	 	 	 	 	 	 	 	 	 	 	 	 	 	 	 	 	 	 	 	 	 	 	 	 	 	 	 	 	 	 	 	 	 	 	 	 	 	 	 	 	 	 	 	 	 	 	 	 	 	 	 	 	 	 	 	 	 	 	 	 	 	 	 	 	 	 	 	 	 	 	 	 	 	 	 	 	 	 	 	 	 	 	 	 	 	 	 	 	 	 	-118	-118	-118	-118	-118	-118	-118
Pau_Gasol	 	 	 	 	 	 	 	 	 	 	 	 	 	 	 	 	 	 	 	 	 	 	 	 	 	 	 	 	 	 	 	 	 	 	 	 	 	 	 	 	 	 	 	 	 	 	 	 	 	 	 	 	 	-79	-79	-79	-79	-79	-79	-79	-79	-79	-79	-79	-79	-79	-79	-79	-79	-79	-79	-79	-79	-79	-79	-79	-79	-39	-39	-39	-39	-39	-39	-39	-39	-39	-39	-39	-39	-39	-39	-39	-39	-39	-39	-39	-39	-39	-39	-39	-39	-38
Chris_Paul	 	 	 	 	 	 	 	 	 	 	 	 	 	 	 	 	 	 	 	 	 	 	-88	-88	-88	-88	-88	-88	-88	-88	-88	-88	-88	-88	-88	-88	-88	-88	-88	-88	-88	-106	-106	-106	-106	-106	-106	-106	-106	-106	-106	-106	-106	-106	-106	-106	-106	-106	-106	-106	-106	-106	-106	-106	-106	-106	-106	-106	-106	-106	-106	-106	-106	-106	-106	-106	-106	-106	-106	-106	-106	-106	-106	-106	-106	-106	-106	-106	74	74	74	74	74	74	74	74	74	74	74	74	74
Damion_Lee	 	 	 	 	 	 	 	 	 	 	 	 	 	 	 	 	 	 	 	 	 	 	 	 	 	 	 	 	 	 	 	 	 	 	 	 	 	 	 	 	 	 	 	 	 	 	 	 	 	 	 	 	 	 	 	 	 	 	 	 	 	 	 	 	 	 	 	 	 	 	 	 	 	 	 	 	 	 	 	61	40	40	40	40	39	39	39	39	39	38	38	38	38	38	38	38	38	38	38	38	38	15
Terry_Rozier	 	 	 	 	 	 	 	 	 	 	 	 	 	 	 	 	 	 	 	 	 	 	 	 	 	 	 	 	 	 	 	 	 	 	 	 	 	 	 	 	 	 	 	 	 	 	 	 	 	 	 	 	 	 	 	 	 	 	 	 	 	 	 	 	56	56	56	56	56	-5	-5	52	52	52	52	52	52	52	52	52	52	52	52	52	52	52	52	52	52	54	55	55	55	56	56	56	56	56	56	56	56	56
Kendrick_Perkins	 	 	 	 	 	 	 	 	 	 	 	 	100	100	100	100	100	100	100	100	100	100	100	100	100	100	100	100	100	100	100	100	100	100	100	100	100	100	100	100	100	100	100	100	100	100	100	100	100	100	100	100	100	100	100	100	100	100	100	100	96	96	96	96	96	96	96	96	96	96	96	96	96	96	96	96	96	96	96	96	96	96	96	96	96	96	96	96	96	-54	-54	87	87	87	87	87	89	89	89	89	89
Kyle_Lowry	 	 	 	 	 	 	 	 	 	 	 	 	 	 	 	 	 	 	 	 	 	 	 	 	 	 	 	 	 	-19	-19	-19	-19	-19	-19	-19	-19	-19	-19	-19	-19	-19	-19	-19	-19	-19	-19	-19	-19	-19	-19	-19	-19	-19	-19	-19	-19	-19	-19	-19	-19	-19	-19	-19	-19	-19	-19	-19	-19	-19	-19	-19	-19	-19	-19	-19	-19	-19	-19	-19	-19	-19	-19	-19	-19	-19	-19	-19	-19	-19	-19	-19	-19	-19	-19	-19	-19	-19	-19	-19	-19	-19
Norman_Powell	 	 	 	 	 	 	 	 	 	 	 	 	 	 	 	 	 	 	 	 	 	 	 	 	 	 	 	 	 	 	 	 	 	 	 	 	 	 	 	 	 	 	 	 	 	 	 	 	 	 	 	 	 	 	 	 	 	 	 	 	 	 	 	 	-17	-17	-17	-17	-17	-18	-9	-9	-9	-18	-18	-18	-18	-18	-18	-18	-18	-18	-18	-18	-18	-18	-18	-18	-18	-18	-18	-18	-18	-18	-18	-18	-18	-18	-18	-18	-18	-18
Steven_Adams	 	 	 	 	 	 	 	 	 	 	 	 	 	 	 	 	 	 	 	 	 	 	 	 	 	 	 	 	 	 	 	 	 	 	 	 	 	 	 	 	101	101	101	101	101	101	101	101	101	101	101	101	101	101	101	101	101	101	101	101	101	101	101	101	101	101	101	101	101	101	101	101	101	101	101	101	101	101	101	101	101	101	101	101	101	101	101	101	101	101	101	101	101	101	101	101	101	101	101	101	101
Chandler_Parsons	 	 	 	 	 	 	 	 	 	 	 	 	 	 	 	 	84	84	84	84	84	84	84	88	88	88	88	88	88	76	76	76	76	76	76	76	76	76	76	76	76	76	76	76	76	76	76	76	76	76	76	76	76	50	50	50	50	50	50	50	50	50	50	50	50	50	41	41	41	41	41	41	41	41	41	41	41	-28	-28	-28	-28	-28	-28	-28	-28	-28	-28	-28	-28	-28	-28	-28	-28	-28	-28	-28	-28	-28	-28	-28	-28	-28
Kawhi_Leonard	 	 	 	 	 	 	 	 	 	 	 	 	 	 	 	 	-37	-37	-37	-37	-37	-37	-37	-37	-37	-37	-37	-37	-37	-37	-37	-37	-37	-37	-37	-37	-37	-37	-37	-37	-37	-37	-37	-37	-37	-37	-37	-37	-37	-37	-37	-37	-37	-37	-37	-37	-37	-37	-37	-37	-37	-37	-37	-37	-37	-37	-37	-37	-37	-37	-37	-37	-37	-37	-37	-37	-37	-37	-37	-37	-37	-37	-37	-37	-37	-37	-37	-37	-37	-37	-37	-37	-37	-37	-37	-37	-37	-37	-37	-37	-37	-23
Ryan_Anderson	 	 	 	 	 	 	 	 	 	 	 	 	 	 	 	 	 	 	 	 	 	 	 	 	 	 	 	 	 	-99	-100	-100	-100	-100	-100	-100	-100	-100	-100	-100	-100	-100	-100	-100	-100	-100	-100	-100	-100	-100	-100	-100	-100	-100	-100	-100	-100	-100	-100	-100	-100	-100	-100	-100	-100	-100	-100	-100	-100	-100	-100	-100	-100	-100	-100	-100	-100	76	76	76	76	76	76	76	76	76	76	76	76	76	76	76	76	76	76	76	76	76	76	76	76	76
Amir_Johnson	 	 	 	 	 	 	 	 	 	 	 	 	 	 	 	 	 	 	 	 	 	 	 	 	 	 	 	 	 	 	 	 	 	 	 	 	 	 	 	 	 	 	 	 	 	 	 	 	 	 	 	 	 	 	 	 	 	 	 	 	 	 	 	 	 	57	57	57	57	56	56	56	56	56	56	56	56	56	56	56	56	56	56	56	56	56	56	56	56	32	32	32	30	30	30	30	30	30	30	30	30	30
Zhou_Qi	 	 	 	 	 	 	 	 	 	 	 	 	 	 	 	 	 	 	 	 	 	 	 	 	 	 	 	 	 	 	 	 	 	 	 	 	 	 	 	 	 	 	 	 	 	 	 	 	 	 	 	 	 	 	 	 	 	 	 	 	 	 	 	 	 	 	 	 	 	 	 	 	 	 	 	 	79	79	79	79	79	79	79	79	79	79	79	79	79	79	79	79	79	0	-1	-1	-1	-1	71	71	71	73
Kevon_Looney	 	 	 	 	 	 	 	 	 	 	 	 	 	 	 	 	 	 	 	 	 	 	 	 	 	 	 	 	 	 	 	 	 	 	 	 	 	 	 	 	 	 	 	 	 	 	 	 	 	 	 	 	 	 	 	 	 	 	 	 	 	 	 	 	13	13	13	13	13	13	13	-5	-5	-5	-5	-5	-5	-5	-5	-5	-5	-5	-5	-5	-5	8	8	8	8	8	8	8	8	8	8	8	8	8	8	8	8	8
Demetrius_Jackson	 	 	 	 	 	 	 	 	 	 	 	 	 	 	 	 	 	 	 	 	 	 	 	 	 	 	 	 	 	 	 	 	 	 	 	 	 	 	 	 	 	 	 	 	 	 	 	 	 	 	 	 	 	 	 	 	 	 	 	 	 	 	 	 	 	 	 	 	 	 	 	 	 	 	 	 	57	57	57	57	57	-3	-3	-3	-3	-3	51	51	51	39	72	72	72	72	72	31	31	31	31	31	31	31
Jimmy_Butler	 	 	 	 	 	 	 	 	 	 	 	 	 	 	 	 	-80	-80	-80	-80	-80	-80	-80	-80	-80	-80	-80	-80	-80	-80	-80	-80	-80	-80	-80	-80	-80	-80	-80	-80	-80	-80	-80	-80	-80	-80	-80	-80	-80	-80	-80	-80	-80	-80	-80	-80	-80	-80	-80	-80	-80	-80	-80	-80	-80	-80	-80	-80	-80	-80	-80	-80	-80	-80	-80	-80	-80	-80	-80	-80	-80	-80	-80	-80	-80	-80	-80	-80	-76	-76	-76	-76	-76	-76	-76	-76	-76	-76	-76	-76
Marcus_Smart	 	 	 	 	 	 	 	 	 	 	 	 	 	 	 	 	 	 	 	 	 	 	 	 	 	 	 	 	 	 	 	 	 	 	 	 	 	 	 	 	 	 	 	 	 	 	 	 	 	 	 	 	-25	-25	-25	-25	-25	-25	75	53	53	53	53	53	53	53	53	53	53	53	53	53	53	53	53	53	53	53	53	53	53	53	53	53	53	53	53	53	53	55	56	56	56	57	57	57	57	57	57	57	57	57
Kay_Felder	 	 	 	 	 	 	 	 	 	 	 	 	 	 	 	 	 	 	 	 	 	 	 	 	 	 	 	 	 	 	 	 	 	 	 	 	 	 	 	 	 	 	 	 	 	 	 	 	 	 	 	 	 	 	 	 	 	 	 	 	 	 	 	 	 	 	 	 	 	 	 	 	 	 	 	 	98	97	97	97	97	97	0	0	-1	-1	2	2	2	2	2	2	-79	-7	 	-80	-117	-117	-117	-117	-117	-117
OG_Anunoby	 	 	 	 	 	 	 	 	 	 	 	 	 	 	 	 	 	 	 	 	 	 	 	 	 	 	 	 	 	 	 	 	 	 	 	 	 	 	 	 	 	 	 	 	 	 	 	 	 	 	 	 	 	 	 	 	 	 	 	 	 	 	 	 	 	 	 	 	 	 	 	 	 	 	 	 	 	 	 	 	 	 	 	 	 	 	 	 	-13	-13	-13	-13	-13	-13	-13	-13	-13	-13	-13	-13	-13	-13
Derrick_Rose	 	 	 	 	 	 	 	 	 	 	 	 	 	 	 	 	 	 	 	 	 	 	 	 	 	 	 	 	 	 	 	 	 	 	 	 	 	 	 	 	 	 	 	 	 	 	 	 	 	 	 	 	 	 	 	 	 	 	 	 	 	 	 	 	 	 	 	 	 	 	 	 	 	 	 	 	-33	-33	-33	-33	-33	-33	-33	-33	-33	-33	-33	-33	-33	90	90	90	90	90	90	90	69	-74	-74	-74	-74
Lucas_Nogueira	 	 	 	 	 	 	 	 	 	 	 	 	 	 	 	 	 	 	 	 	 	 	 	 	 	 	 	 	 	 	 	 	 	 	 	 	 	 	 	 	-1	-1	-1	-1	-1	-1	-1	-1	-1	-1	-1	-1	-18	-18	-18	-18	-18	-18	-18	-18	-18	-7	-7	-7	-7	-7	-7	-7	-7	-7	-7	-7	-7	-17	-17	-17	-17	-17	-17	-17	-17	-17	-17	-17	-17	-17	-17	-17	-17	-17	-17	-17	-17	-17	-17	-17	-17	-17	-17	-17	-17	-17
Zhaire_Smith	 	 	 	 	 	 	 	 	 	 	 	 	 	 	 	 	 	 	 	 	 	 	 	 	 	 	 	 	 	 	 	 	 	 	 	 	 	 	 	 	 	 	 	 	 	 	 	 	 	 	 	 	 	 	 	 	 	 	 	 	 	 	 	 	 	 	 	 	 	 	 	 	 	 	 	 	 	 	 	 	 	 	 	 	 	 	 	 	 	 	 	 	 	 	 	 	 	 	 	 	-104	-104
Tony_Parker	 	 	 	 	 	 	 	 	 	 	 	 	 	 	 	 	 	 	 	 	 	 	 	 	 	 	 	 	 	 	 	 	 	 	 	 	 	 	 	 	 	 	 	 	 	 	 	 	 	 	 	 	 	 	 	 	 	 	 	 	 	 	 	 	 	 	 	 	 	 	 	 	 	 	 	 	 	 	 	 	 	 	 	 	 	 	 	 	 	 	 	 	-1	-35	-35	-35	-35	-35	-35	-35	-35	-31	-31
Jabari_Bird	 	 	 	 	 	 	 	 	 	 	 	 	 	 	 	 	 	 	 	 	 	 	 	 	 	 	 	 	 	 	 	 	 	 	 	 	 	 	 	 	 	 	 	 	 	 	 	 	 	 	 	 	 	 	 	 	 	 	 	 	 	 	 	 	 	 	 	 	 	 	 	 	 	 	 	 	 	 	 	 	 	 	 	 	 	 	 	 	62	62	62	62	62	62	62	62	62	62	62	62	62	62
Jerryd_Bayless	 	 	 	 	 	 	 	 	-21	-21	-21	-21	-21	-21	-21	-21	-21	-21	-21	-21	-21	-21	-21	-21	-21	-21	-21	-21	-21	-26	-26	-26	-26	-26	-26	-26	-26	-26	-26	-26	-26	-26	-26	-26	-26	-26	-26	-26	-26	-26	-26	-26	-26	-112	-112	-112	-112	-112	-112	-112	-112	-112	-112	-112	-112	-112	-112	-112	-112	-112	-112	-112	-112	-112	-112	-112	-112	23	23	23	23	23	23	23	23	23	23	23	23	23	23	23	23	23	23	23	23	23	23	23	23	23
DeAndre_Jordan	 	 	 	 	 	 	 	 	 	 	 	 	 	 	 	 	 	 	 	 	 	 	 	 	 	 	 	 	 	 	 	 	 	 	 	 	 	 	 	 	 	 	 	 	 	 	 	 	 	 	 	 	 	 	 	 	 	 	 	 	 	 	 	 	 	 	 	 	 	 	 	 	 	 	 	 	 	 	 	 	 	 	 	 	 	 	 	 	 	 	 	 	 	 	 	 	 	 	 	 	 	-95	-95
Klay_Thompson	 	 	 	 	 	 	 	 	 	 	 	 	 	 	 	 	2	2	2	2	2	2	9	9	9	9	9	9	9	9	9	9	9	9	9	9	9	9	9	9	9	9	9	9	9	9	9	9	9	9	9	9	9	9	9	9	9	9	9	9	9	9	9	9	9	9	9	9	9	9	9	9	9	9	9	9	9	9	9	9	9	9	9	9	9	9	9	9	9	9	9	9	9	9	9	9	9	9	9	9	9	9
Dario_Saric	 	 	 	 	 	 	 	 	 	 	 	 	 	 	 	 	 	 	 	 	 	 	 	 	 	 	 	 	 	 	 	 	 	 	 	 	 	 	 	 	 	 	 	 	 	 	 	 	 	 	 	 	26	26	26	26	26	26	26	26	26	26	26	26	26	26	26	26	26	26	26	26	26	26	26	26	26	26	26	26	26	26	26	26	26	26	26	26	26	26	26	26	26	26	26	26	26	26	26	26	26	26
Danny_Green	-38	-38	-38	-38	-38	-38	-38	-38	-38	-38	-38	-38	-38	-38	-38	-38	-38	-38	-38	-38	-38	-38	-38	-38	-38	-38	-38	-38	-38	-38	-38	-38	-38	-38	-38	-38	-38	-38	-38	-38	-38	-38	-38	-38	-38	-38	-38	-38	-38	-38	-38	-38	-38	-38	-38	-38	-38	-38	-38	-38	-38	-38	-38	-38	-38	-38	-38	-38	-38	-38	-38	-38	-38	-38	-38	-38	-38	-38	-38	-38	-38	-38	-38	-38	-38	-38	-38	-38	-38	-38	-38	-38	-38	-38	-38	-38	-38	-38	-38	-38	-38	-24
Cedi_Osman	 	 	 	 	 	 	 	 	 	 	 	 	 	 	 	 	 	 	 	 	 	 	 	 	 	 	 	 	 	 	 	 	 	 	 	 	 	 	 	 	 	 	 	 	 	 	 	 	 	 	 	 	 	 	 	 	 	 	 	 	 	 	 	 	-74	-74	-74	-74	-74	-74	-74	-74	-74	-74	-74	-74	-74	-74	-74	-74	-74	-74	-74	-74	-74	-74	-74	-74	-74	89	89	89	89	89	89	89	90	90	90	90	90	90
Giannis_Antetokounmpo	 	 	 	 	 	 	 	 	 	 	 	 	 	 	 	 	 	 	 	 	 	 	 	 	 	 	 	 	 	 	 	 	 	 	 	 	 	 	 	 	-106	-113	-113	-113	-113	-113	-113	-113	-113	-113	-113	-113	-113	-113	-113	-113	-113	-113	-113	-113	-113	-113	-113	-113	-113	-113	-113	-113	-113	-113	-113	-113	-113	-113	-113	-113	-113	-113	-113	-113	-113	-113	-113	-113	-113	-113	-113	-113	-113	-113	-113	-113	-113	-113	-113	-113	-113	-113	-113	-113	-113	-113
DeMar_DeRozan	 	 	 	 	 	 	 	 	 	 	 	 	 	 	 	 	 	 	 	 	 	 	 	 	 	 	 	 	 	 	 	 	 	 	 	 	 	 	 	 	 	 	 	 	 	 	 	 	 	 	 	 	 	 	 	 	 	 	 	 	 	 	 	 	 	 	 	 	 	 	 	 	 	 	 	 	 	 	 	 	 	 	 	 	 	 	 	 	 	 	 	 	 	 	 	 	 	 	 	 	 	-9
James_Harden	 	 	 	 	 	 	 	 	 	 	 	 	 	 	 	 	 	 	 	 	 	 	 	 	 	 	 	 	 	 	 	 	77	77	77	77	77	77	77	77	77	77	77	77	77	77	77	77	77	77	77	77	77	77	77	77	77	81	81	81	81	78	78	78	78	78	78	78	78	78	78	78	78	78	78	78	78	78	78	78	78	78	78	78	78	78	78	78	78	78	78	78	78	78	78	78	78	78	78	78	78	78
Shaun_Livingston	 	 	 	 	 	-74	-74	-74	-74	-74	-74	-74	-74	-74	-74	-74	-74	-74	-74	-74	-74	-74	-74	-74	-74	-74	-74	-74	-74	74	74	74	19	-42	93	93	93	93	93	93	93	11	11	11	11	11	11	11	11	11	11	11	11	11	11	11	11	11	11	11	11	11	11	11	11	11	11	11	11	11	11	11	11	11	11	11	11	11	11	11	11	11	11	11	11	11	11	11	11	11	11	11	11	11	11	11	11	11	11	11	11	11
Jonas_Valanciunas	 	 	 	 	 	 	 	 	 	 	 	 	 	 	 	 	-20	-20	-20	-20	-20	-20	-20	-20	-20	-20	-20	-20	-20	-20	-20	-20	-20	-20	-20	-20	-20	-20	-20	-20	-20	-20	-20	-20	-20	-20	-20	-20	-20	-20	-20	-20	-20	-20	-20	-20	-20	-20	-20	-20	-20	-20	-20	-20	-20	-20	-20	-20	-20	-20	-20	-20	-20	-20	-20	-20	-20	-20	-20	-20	-20	-20	-20	-20	-20	-20	-20	-20	-20	-20	-20	-20	-20	-20	-20	-20	-20	-20	-20	-20	-20	-20
Robert_Covington	 	 	 	 	 	 	 	 	 	 	 	 	 	 	 	 	 	 	 	 	 	 	 	 	 	 	 	 	 	 	 	 	 	 	 	 	 	 	 	 	 	78	78	78	78	-33	-33	-33	-33	-33	74	74	74	76	76	76	-88	23	23	23	24	24	24	24	24	24	24	24	24	24	24	24	24	24	24	24	24	24	24	24	24	24	24	24	24	24	24	24	24	24	24	24	24	24	24	24	24	24	24	24	24	24
Dejounte_Murray	 	 	 	 	 	 	 	 	 	 	 	 	 	 	 	 	 	 	 	 	 	 	 	 	 	 	 	 	 	 	 	 	 	 	 	 	 	 	 	 	 	 	 	 	 	 	 	 	 	 	 	 	 	 	 	 	 	 	 	 	 	 	 	 	 	 	 	 	 	 	 	 	 	 	 	 	-36	-36	-36	-36	-36	-9	-9	-9	-8	-36	-36	-36	-36	-36	-36	-36	-36	-36	-36	-36	-36	-36	-36	-36	-36	-36
Jonathan_Gibson	 	 	 	 	 	 	 	 	 	 	 	 	 	 	 	 	 	 	 	 	 	 	 	 	 	 	 	 	 	 	 	 	 	 	 	 	 	 	 	 	 	 	 	 	 	 	 	 	 	 	 	 	 	 	 	 	 	 	 	 	 	 	 	 	 	 	 	 	 	 	 	 	 	 	 	 	 	-56	-56	-56	38	-56	37	37	37	37	37	37	37	37	37	37	51	52	52	52	52	52	52	52	52	53
Wilson_Chandler	 	 	 	 	 	 	 	 	 	 	 	 	105	105	105	105	105	105	105	105	105	105	105	105	105	105	105	105	105	105	105	105	105	105	105	105	105	105	105	105	105	105	105	105	105	105	105	105	105	105	105	105	105	105	105	105	105	105	105	105	105	105	105	105	105	105	105	105	105	105	105	105	105	105	105	105	105	105	105	105	105	105	105	105	105	105	105	105	105	105	105	105	105	105	105	105	105	105	105	105	105	34
Serge_Ibaka	 	 	 	 	 	 	 	 	 	 	 	 	 	 	 	 	 	 	 	 	 	 	 	 	 	 	 	 	 	 	 	 	 	 	 	 	 	 	 	 	 	 	 	 	 	 	 	 	 	 	 	 	 	 	 	 	 	 	 	 	 	 	 	 	 	 	 	 	 	 	 	 	 	 	 	 	-90	-91	-91	-91	-91	-91	-91	-91	-22	-22	-22	-22	-22	-21	-21	-21	-21	-21	-21	-21	-21	-21	-21	-21	-21	-21
Brook_Lopez	16	16	16	16	16	16	16	16	16	16	16	16	16	16	16	16	16	16	16	16	16	16	16	16	16	16	16	16	16	16	16	16	16	16	16	16	16	16	16	16	16	16	16	16	16	16	16	16	16	16	16	16	16	16	16	16	16	16	16	16	16	16	16	16	16	16	16	16	16	16	16	16	16	16	16	16	16	46	46	46	46	46	46	46	46	46	46	46	46	-96	-96	-96	-96	-96	-96	-96	-96	-96	-96	-96	-96	-68
Aaron_Gordon	 	 	 	 	 	 	 	 	 	 	 	 	 	 	 	 	 	 	 	 	 	 	 	 	 	 	 	 	 	 	 	 	 	 	 	 	 	 	 	 	 	 	 	 	 	 	 	 	 	 	 	 	-90	-90	-90	-90	-92	-92	-92	-92	-92	-92	-92	-92	-92	-92	-92	-92	-92	-92	-92	-92	-92	-92	-92	-92	-92	-92	-92	-92	-92	-92	-92	-92	-92	-92	-92	-92	-92	-92	-92	-92	-92	-92	-92	-92	-92	-92	-92	-92	-92	-92
Zach_Lavine	 	 	 	 	 	 	 	 	 	 	 	 	 	 	 	 	 	 	 	 	 	 	 	 	 	 	 	 	 	 	 	 	 	 	 	 	 	 	 	 	 	 	 	 	 	 	 	 	 	 	 	 	-76	-76	-76	-76	-76	-76	-76	-76	-76	-76	-76	-76	-76	-76	-76	-76	-76	-76	-76	-76	-76	-76	-76	-76	-76	-76	-76	-76	-76	-76	-76	-76	-76	-76	-76	-76	-79	-79	-79	-80	-80	-8	-80	-6	-80	-80	-80	-80	-80
Jeremy_Lin	 	 	 	 	 	1	1	1	1	1	1	1	1	1	1	1	1	1	1	1	1	1	1	84	75	75	75	75	75	75	75	75	75	75	75	75	75	75	75	75	75	75	75	75	75	75	75	75	75	75	75	75	75	47	47	47	47	47	47	47	47	47	47	47	47	47	47	47	47	47	47	47	47	47	47	47	47	47	47	47	47	47	47	47	47	47	47	47	47	47	47	47	47	47	47	47	47	47	47	47	47	38
Furkan_Korkmaz	 	 	 	 	 	 	 	 	 	 	 	 	 	 	 	 	 	 	 	 	 	 	 	 	 	 	 	 	 	 	 	 	 	 	 	 	 	 	 	 	 	 	 	 	 	 	 	 	 	 	 	 	 	 	 	 	 	 	 	 	 	 	 	 	 	 	 	 	 	 	 	 	 	 	 	 	29	29	29	29	29	29	29	29	29	29	29	29	29	29	29	29	-2	-2	21	21	21	21	21	21	21	21
Robin_Lopez	 	 	 	 	 	 	 	 	 	 	 	 	 	 	 	 	 	 	 	 	 	 	 	 	 	 	 	 	 	-100	-95	-95	-95	-95	-95	-95	-95	-95	-95	-95	-95	-95	-95	-95	-95	-95	-95	-95	-95	-95	-95	-95	-95	-95	-95	-95	-95	-95	-95	-95	-95	-95	-95	-95	-95	-95	-95	-95	-95	-95	-95	-95	-95	-95	-95	-95	-81	-81	-81	-81	-81	-81	-81	-81	-81	-81	-81	-81	-81	-81	-81	-81	-81	-81	-81	-81	-81	-81	-81	-81	-81	-81
Draymond_Green	 	 	 	 	 	 	 	 	 	 	 	 	 	 	 	 	 	 	 	 	 	 	 	 	 	 	 	 	10	10	10	10	10	10	10	10	10	10	10	10	10	10	10	10	10	10	10	10	10	10	10	10	10	10	10	10	10	10	10	10	10	10	10	10	10	10	10	10	10	10	10	10	10	10	10	10	10	10	10	10	10	10	10	10	10	10	10	10	10	10	10	10	10	10	10	10	10	10	10	10	10	10
JJ_Redick	 	 	 	 	 	 	 	 	 	 	 	 	 	 	 	 	 	 	 	 	 	 	 	 	 	 	 	 	 	 	 	 	 	 	 	 	-107	-107	-107	-107	-107	-107	-107	-107	-107	-107	-107	-107	-107	-107	-107	-107	-107	-107	-107	-107	-107	-107	-107	-107	-107	-107	-107	-107	-107	-107	-107	-107	-107	-107	-107	-107	-107	-107	-107	-107	-107	-107	-107	-107	-107	-107	-107	-107	-107	-107	-107	-107	-107	22	22	22	22	22	22	22	22	22	22	22	22	22
John_Wall	 	 	 	 	-43	-43	-43	-43	-43	-43	-43	-43	-43	-43	-43	-43	-43	-43	-43	-43	-43	-43	-43	-43	-43	-43	-43	-43	-43	-43	-43	-43	-43	-43	-43	-43	-43	-43	-43	-43	-43	-43	-43	-43	-43	-43	-43	-43	-43	-43	-43	-43	-43	-43	-43	-43	-43	-43	-43	-43	-43	-43	-43	-43	-43	-43	-43	-43	-43	-43	-43	-43	-43	-43	-43	-43	-43	-43	-43	-43	-43	-43	-43	-43	-43	-43	-43	-43	-43	-43	-43	-43	-43	-43	-43	-43	-43	-43	-43	-43	-43
Kevin_Love	 	 	 	 	 	 	 	 	 	 	 	 	 	 	 	 	 	 	 	 	 	 	 	 	 	 	 	 	 	 	 	 	 	 	 	 	 	 	 	 	 	 	 	 	 	 	 	 	 	 	 	 	 	 	95	95	95	95	95	95	95	95	95	95	95	95	95	95	95	95	95	95	95	95	95	95	95	95	95	95	95	95	95	95	95	95	95	95	95	95	94	94	94	94	94	94	94	94	94	94	93	92
Damian_Jones	 	 	 	 	 	 	 	 	 	 	 	 	 	 	 	 	 	 	 	 	 	 	 	 	 	 	 	 	 	 	 	 	 	 	 	 	 	 	 	 	 	 	 	 	 	 	 	 	 	 	 	 	 	 	 	 	 	 	 	 	 	 	 	 	 	 	 	 	 	 	 	 	 	 	 	 	13	13	13	13	13	-4	-4	-4	-4	-4	-4	-4	-4	-4	-4	-4	-4	-4	-4	-4	-3	-3	-3	-3	-3	-3
Matthew_Dellavedova	 	 	 	 	 	 	 	 	 	 	 	 	 	 	 	 	 	 	 	 	 	 	 	 	 	 	 	 	 	 	 	 	 	 	 	 	 	 	 	 	 	 	 	 	 	 	 	 	 	 	 	 	 	 	 	 	 	 	 	 	 	 	 	 	 	97	97	97	97	97	97	97	97	97	97	97	97	-111	-111	-111	-112	-112	-112	-112	-112	-112	-112	-112	-112	-112	-112	-112	-112	-112	-112	-112	-112	-112	-112	-112	-112
Daniel_Theis	 	 	 	 	 	 	 	 	 	 	 	 	 	 	 	 	 	 	 	 	 	 	 	 	 	 	 	 	 	 	 	 	 	 	 	 	 	 	 	 	 	 	 	 	 	 	 	 	 	 	 	 	 	 	 	 	 	 	 	 	 	 	 	 	 	 	 	 	 	 	 	 	 	 	 	 	 	 	 	 	 	 	 	 	 	 	 	 	 	63	63	63	63	63	63	63	63	63	63	63	63	63
Rudy_Gay	 	 	 	 	 	 	 	 	 	 	 	 	 	 	 	 	 	 	 	 	 	 	 	 	 	 	 	 	 	 	 	 	 	 	 	-18	-18	-18	-18	-18	-18	-18	-18	-18	-18	-18	-51	-51	-51	-51	-51	-51	-51	-52	-52	-52	-52	-52	-52	-52	-52	-52	-52	-52	-52	-52	-52	-52	-52	-52	-52	-52	-52	-52	-52	-52	-52	-52	-52	-52	-52	-52	-52	-52	-50	-50	-50	-50	-50	-40	-40	-40	-40	-40	-40	-40	-40	-40	-40	-40	-40
Jordan_Bell	 	 	 	 	 	 	 	 	 	 	 	 	 	 	 	 	 	 	 	 	 	 	 	 	 	 	 	 	 	 	 	 	 	 	 	 	 	 	 	 	 	 	 	 	 	 	 	 	 	 	 	 	 	 	 	 	 	 	 	 	 	 	 	 	 	 	 	 	 	 	 	 	 	 	 	 	 	 	 	 	 	 	 	 	 	 	 	 	15	15	15	15	15	15	15	15	15	1	6	6	6
