name,color
ForethoughtInc,#555555
NetworkInnovations,#555555
OrionNetworkSystems,#555555
Styleware,#555555
Claris,#555555
CoralSoftware,#555555
ConsumersSoftware,#555555
FoxSoftware,#555555
Softimage,#555555
AltamiraSoftware,#555555
NextBase,#555555
OneTreeSoftware,#555555
RenderMorphics,#555555
NetworkManagers,#555555
TheBlueRibbonSoundWorks,#555555
Netwise,#555555
BruceArtwickOrganization,#555555
VermeerTechnologies,#555555
VGAAnimationSoftwareDivnote1,#555555
ColusaSoftware,#555555
Exos,#555555
AspectSoftwareEngineering,#555555
eShop,#555555
ElectricGravity,#555555
PanoramaSoftwareSysOnLinenote2,#555555
NetCarta,#555555
NeXT,#555555
Interse,#555555
WebTVNetworks,#555555
DimensionX,#555555
CooperPeters,#555555
LinkAgeSoftware,#555555
VXtreme,#555555
PowerComputingCorporation,#555555
Four11,#555555
Hotmail,#555555
FlashCommunications,#555555
ClassicGames,#555555
Firefly,#555555
MESAGroup,#555555
Sportasy,#555555
Viaweb,#555555
Webcal,#555555
ValenceResearch,#555555
Yoyodyne,#555555
LinkExchange,#555555
XemplarEducation,#555555
FASAInteractive,#555555
CompareNet,#555555
NuminousTechnologies,#555555
Broadcastcom,#555555
InteractiveObjectsDigital,#555555
JumpNetworks,#555555
Encompass,#555555
GeoCities,#555555
OnlineAnywhere,#555555
ShadowFactorSoftware,#555555
Omnibrowse,#555555
Intrinsa,#555555
Sendit,#555555
Zoomit,#555555
STNC,#555555
SoftwaySystems,#555555
Entropic,#555555
RaycerGraphics,#555555
VisioCorporation,#555555
NetSelector,#555555
PeachNetworks,#555555
Travelscape,#555555
Arthascom,#555555
MyQuest,#555555
AstarteDVDAuthoringSoftwarenote1,#555555
TitusCommunications,#555555
BungieSoftware,#555555
VivaSmart,#555555
NetGames,#555555
eGroups,#555555
MongoMusic,#555555
PacificMicrosonics,#555555
Kimo,#555555
Deja,#555555
Soldcomau,#555555
Vacationspot,#555555
GreatPlainsSoftware,#555555
IntellisolInternational,#555555
bluebuzz,#555555
NCompassLabs,#555555
Mainspring,#555555
MaximalInnovativeIntelligence,#555555
LAUNCHMedia,#555555
Yupi,#555555
InformixCorporation,#555555
SpruceTechnologiesnote3,#555555
Outride,#555555
PowerSchool,#555555
CrossWorldsSoftwareInc,#555555
NothingReal,#555555
Hotjobscom,#555555
ClassicCustomVacations,#555555
Zayante,#555555
SalesManagementSystems,#555555
SiliconGrailCorpChalicenote5note6,#555555
PropelSoftware,#555555
PrismoGraphicsnote6,#555555
Metamerge,#555555
Emagic,#555555
Navision,#555555
Mobilocity,#555555
TrellisoftInc,#555555
XDegrees,#555555
HolosofxInc,#555555
Rare,#555555
PWCConsulting,#555555
Access360,#555555
EADSMatraDatavision,#555555
TarianSoftware,#555555
Vicinity,#555555
InktomiCorporation,#555555
RationalSoftwareCorporation,#555555
Connectix,#555555
DCG,#555555
PlaceWare,#555555
ThinkDynamics,#555555
GASullivan,#555555
GeCADSoftware,#555555
OvertureServicesInc,#555555
InformationLaboratory,#555555
Aptrix,#555555
3DOCoHighHeatBaseball,#555555
Kaltix,#555555
CrossAccessCorporation,#555555
ProductivitySolutionsInc,#555555
GreenPastureSoftwareInc,#555555
Kelkoo,#555555
TrigoTechnologies,#555555
DaksheServices,#555555
BusinessContinuityServicesunitofSchlumberger,#555555
EncoreBusSolutionsIPAsts,#555555
ActiveViews,#555555
IgniteLogic,#555555
CandleCorporation,#555555
Oddpost,#555555
Picasa,#555555
AlphabloxCorporation,#555555
LookoutSoftware,#555555
CyaneaSystems,#555555
MusicmatchJukebox,#555555
TheAllSeeingEye,#555555
Venetica,#555555
StataLabs,#555555
KeyholeInc,#555555
SystemcorpALGLtd,#555555
LibertyInsuranceServices,#555555
MaerskDataandDMdatafromMaersk,#555555
WUFNetworks,#555555
KeyMRO,#555555
GIANTCompanySoftware,#555555
SystemsResearchDevelopment,#555555
Verdisoft,#555555
entegrate,#555555
Stadeon,#555555
Corio,#555555
Ludicorp,#555555
UrchinSoftwareCorporation,#555555
GrooveNetworks,#555555
TeRespondo,#555555
AscentialSoftwareCorporation,#555555
GluecodeSoftware,#555555
MessageCast,#555555
Dodgeball,#555555
TsinghuaShenxunCertAsts,#555555
blogs,#555555
Dialpad,#555555
SybariSoftware,#555555
Meiosys,#555555
AkwanInformationTechnologies,#555555
PureEdgeSolutionsInc,#555555
Konfabulator,#555555
IsogonCorporation,#555555
DWL,#555555
AndroidInc,#555555
facebookcomdomainname,#555555
Teleo,#555555
FrontBridgeTechnologies,#555555
Alacris,#555555
Upcomingorg,#555555
DataPowerTechnologyInc,#555555
Whereonearth,#555555
iPhraseSystemsInc,#555555
mediastreamscom,#555555
NetworkSolutionsPvtLtd,#555555
CollationInc,#555555
5thFinger,#555555
delicious,#555555
BowstreetInc,#555555
Phatbits,#555555
bruNETGmbH,#555555
allPAYGmbH,#555555
Webjay,#555555
dMarcBroadcasting,#555555
SearchFox,#555555
UMTSoftwareandIPAssets,#555555
CIMSLabInc,#555555
ARGUSSemiconductorSoftwareFromINFICON,#555555
ViacoreInc,#555555
SeadragonSoftware,#555555
MotionBridge,#555555
MeasureMap,#555555
MicromuseInc,#555555
Onfolio,#555555
Apptimum,#555555
Upstartle,#555555
LastSoftware,#555555
LanguageAnalysisSystems,#555555
LionheadStudios,#555555
Orion,#555555
Meedio,#555555
AssetMetrix,#555555
BuildForgeInc,#555555
Vexcel,#555555
MassiveIncorporated,#555555
UnicornSolutionsInc,#555555
DeepMetrix,#555555
2WebTechnologies,#555555
ProClarity,#555555
iViewMultimedia,#555555
RemboTechnology,#555555
Softricity,#555555
WinternalsSoftware,#555555
WhaleCommunications,#555555
WebifySolutionsInc,#555555
NevenVisionGermanyGmbH,#555555
GlobalValueSolutions,#555555
Gteko,#555555
Jumpcutcom,#555555
DesktopStandard,#555555
DORANAproductlinefromUbiquityPtyLimited,#555555
MROSoftware,#555555
YouTube,#555555
Colloquis,#555555
FileNetCorporation,#555555
SiliconColor,#555555
AdInterax,#555555
PalisadesTechnologyPartners,#555555
InternetSecuritySystemsISS,#555555
JotSpot,#555555
Bixcom,#555555
KenetWorks,#555555
Proximity,#555555
Endoxon,#555555
MyBlogLog,#555555
ConsulRiskManagementInc,#555555
VallentCorporation,#555555
Adscape,#555555
SoftekStorageSolutionsCorporation,#555555
Medstory,#555555
Trendalyzer,#555555
BlackDotNetworksInc,#555555
devBizBusinessSolutions,#555555
DoubleClick,#555555
TonicSystems,#555555
Marratech,#555555
Unicible,#555555
RightMedia,#555555
TellmeNetworks,#555555
ScreenTonic,#555555
SoftArtisans,#555555
GreenBorder,#555555
Crusix,#555555
Panoramio,#555555
FeedBurner,#555555
Engyro,#555555
PeakStream,#555555
Stratature,#555555
Zenter,#555555
Rivalscom,#555555
SavvisIncDataCenters,#555555
GrandCentral,#555555
Postini,#555555
Parakey,#555555
ImageAmerica,#555555
WatchfireCorporation,#555555
aQuantive,#555555
AdECN,#555555
WebDialogs,#555555
DataMirrorCorporation,#555555
BlueLithium,#555555
QinnovaInc,#555555
PrincetonSoftechInc,#555555
BuzzTracker,#555555
Zimbra,#555555
Zingku,#555555
Jellyfishcom,#555555
Parlano,#555555
Jaiku,#555555
NovusCG,#555555
GlobalCareSolutionsAssets,#555555
HOBBusinessSolutions,#555555
Musiwave,#555555
Multimapcom,#555555
XIV,#555555
AptSoftCorporation,#555555
CalistaTechnologies,#555555
SolidInformationTechnology,#555555
ArsenalDigitalSolutions,#555555
Cognos,#555555
FoxyTunes,#555555
CaligariCorporation,#555555
MavenNetworks,#555555
NetIntegrationTechnologiesInc,#555555
YaData,#555555
EncentuateInc,#555555
Rapt,#555555
Komoku,#555555
90DegreeSoftware,#555555
TelelogicAB,#555555
Farecast,#555555
Danger,#555555
DiligentTechnologies,#555555
FilesX,#555555
PASemi,#555555
FastSearchTransfer,#555555
InfoDyneCorporation,#555555
Inquisitor,#555555
Kidaro,#555555
Quadreon,#555555
NavicNetworks,#555555
ConnectU,#555555
Mobicomp,#555555
PlatformSolutions,#555555
Summize,#555555
ILOG,#555555
Omnisio,#555555
Powerset,#555555
TNC,#555555
DATAllegro,#555555
GreenfieldOnline,#555555
TransitiveCorporation,#555555
Valuesofn,#555555
OutblazesEMailServiceAssets,#555555
3DVSystems,#555555
ExerosAssets,#555555
BigPark,#555555
RosettaBiosoftware,#555555
Placebase,#555555
Xoopit,#555555
OunceLabs,#555555
SPSSInc,#555555
On2,#555555
FriendFeed,#555555
Maktoobcom,#555555
reCAPTCHA,#555555
InteractiveSupercomputing,#555555
RedPillSolutions,#555555
Gizmo5,#555555
AdMob,#555555
Teracent,#555555
Guardium,#555555
AppJet,#555555
Lalacom,#555555
SentillionInc,#555555
OpalisSoftware,#555555
Lombardi,#555555
Mixerlabs,#555555
QuattroWireless,#555555
NationalInterestSecurityCompanyLLC,#555555
InitiateSystems,#555555
Aardvark,#555555
IntellidenInc,#555555
reMail,#555555
Octazen,#555555
Picnik,#555555
Divvyshot,#555555
DocVerse,#555555
citizensportscom,#555555
Episodic,#555555
Atebits,#555555
PlinkArt,#555555
Agnilux,#555555
Cloudhopper,#555555
LabPixies,#555555
Siri,#555555
Intrinsity,#555555
BumpTop,#555555
CastIronSystems,#555555
GipsyMothStudios,#555555
Friendsterpatents,#555555
GlobalIPSolutions,#555555
AssociatedContent,#555555
SimplifyMedia,#555555
Rubacom,#555555
SterlingCommerce,#555555
Koprol,#555555
ShareGrove,#555555
InviteMedia,#555555
SmallthoughtSystems,#555555
Coremetrics,#555555
BigFixInc,#555555
Nextstop,#555555
Poly9,#555555
Metaweb,#555555
Storwize,#555555
Instantiations,#555555
Slidecom,#555555
Jambool,#555555
Datacap,#555555
UnicaCorporation,#555555
Likecom,#555555
ChaiLabs,#555555
HotPotato,#555555
SocialDeckInc,#555555
Angstro,#555555
Quiksee,#555555
IMSense,#555555
OpenPages,#555555
PolarRose,#555555
Netezza,#555555
BLADENetworkTechnologies,#555555
Plannr,#555555
BlindType,#555555
Dapper,#555555
AVIcodeInc,#555555
PSSSystems,#555555
ClaritySystems,#555555
CanestaInc,#555555
Dropio,#555555
FBcomdomainname,#555555
WidevineTechnologies,#555555
PhoneticArts,#555555
Fluther,#555555
eBookTechnologies,#555555
Spreets,#555555
SayNow,#555555
Rel8tion,#555555
Zynamics,#555555
Beluga,#555555
NextNewNetworks,#555555
BeatThatQuotecom,#555555
GreenParrotPictures,#555555
Snaptu,#555555
TririgaInc,#555555
RecRec,#555555
PushLife,#555555
ITASoftware,#555555
IntoNow,#555555
TalkBin,#555555
DayTum,#555555
SkypeTechnologies,#555555
Sparkbuy,#555555
TweetDeck,#555555
AdGrok,#555555
PostRank,#555555
Prodiance,#555555
Admeld,#555555
MailRank,#555555
Sofa,#555555
SageTV,#555555
BackType,#555555
Punchd,#555555
Fridge,#555555
PittPatt,#555555
Dealmap,#555555
C3Technologies,#555555
PushPopPress,#555555
Bagcheck,#555555
MotorolaMobility,#555555
i2Limited,#555555
AlgorithmicsInc116,#555555
ZaveNetworks,#555555
Zagat,#555555
DailyDeal,#555555
Julpan,#555555
Q1Labs118,#555555
Friendly,#555555
SocialGrapple,#555555
PlatformComputing,#555555
Interclick,#555555
Strobe,#555555
Apture,#555555
Katango,#555555
Videosurf,#555555
WhisperSystems,#555555
Gowalla,#555555
CÃºramSoftware,#555555
DemandTec,#555555
RightsFlow,#555555
CleverSense,#555555
Emptoris,#555555
Anobit,#555555
GreenHatsoftwarecompany124,#555555
Summify,#555555
Dasient,#555555
Worklight,#555555
Caffeinatedmind,#555555
Chomp,#555555
Posterous,#555555
MilkInc,#555555
TxVia,#555555
Instagram,#555555
Tagtile,#555555
Varicent,#555555
Hotspotsio,#555555
Vivisimo,#555555
TealeafTechnology,#555555
Glancee,#555555
RestEngine,#555555
Lightboxcom,#555555
Karma,#555555
Redmatica,#555555
Meebo,#555555
Nclud,#555555
Quickoffice,#555555
Facecom,#555555
Yammer,#555555
PerceptivePixel,#555555
Spool,#555555
Sparrow,#555555
AcrylicSoftware,#555555
AuthenTec,#555555
WildfireInteractive,#555555
ClutchIO,#555555
TexasMemorySystems,#555555
Threadsy,#555555
KenexaCorporation,#555555
VirusTotalcom,#555555
NikSoftwareInc,#555555
ButterflySoftwareLtd,#555555
Particle,#555555
Viewdle,#555555
PhoneFactor,#555555
Vine,#555555
StorSimple,#555555
Cabana,#555555
MarketingPilot,#555555
Stamped,#555555
WeAreHunted,#555555
IncentiveTargetingInc,#555555
BufferBox,#555555
OnTheAir,#555555
StoredIQ,#555555
id8GroupR2Studios,#555555
Snipit,#555555
Crashlytics,#555555
StarAnalytics,#555555
PandoNetworks,#555555
ChannelIntelligence,#555555
BluefinLabs,#555555
Alike,#555555
AtlasSolutions,#555555
MetricsHub,#555555
DNNresearchInc,#555555
HotStudio,#555555
TalariaTechnologies,#555555
Netbreeze,#555555
Jybe,#555555
WiFiSlam,#555555
Summly,#555555
Behavio,#555555
UrbanCode,#555555
Wavii,#555555
Spaceport,#555555
Parse,#555555
Astrid,#555555
Ubalo,#555555
MileWise,#555555
GoPollGo,#555555
LokiStudios,#555555
LuckySort,#555555
Tumblr,#555555
MakaniPower,#555555
PlayerScale,#555555
InRelease,#555555
SoftLayerTechnologies,#555555
Waze,#555555
GhostBirdSoftware,#555555
Rondee,#555555
SpindleLabs,#555555
Qwiki,#555555
BignogginsProductions,#555555
Xobni,#555555
CSLInternational,#555555
Monoidics,#555555
Ztelic,#555555
HopStopcom,#555555
Locationary,#555555
Lexity,#555555
PassifSemiconductor,#555555
Rockmelt,#555555
Jibbigo,#555555
Matcha,#555555
Marakana,#555555
Trusteer,#555555
Embark,#555555
IQEngines,#555555
AlgoTrim,#555555
Trendrr,#555555
Nokiamobilephonesunit,#555555
MoPub,#555555
Bump,#555555
DaejaImageSystems,#555555
Hitpost,#555555
TheNowFactory,#555555
Flutter,#555555
Cue,#555555
Xtify,#555555
Bread,#555555
HLWSoftware,#555555
Onavo,#555555
FlexyCore,#555555
LookFlow,#555555
Apiphany,#555555
FiberlinkCommunications,#555555
PrimeSense,#555555
SCHAFTInc,#555555
Topsy,#555555
SkyPhrase,#555555
IndustrialPerception,#555555
Ptch,#555555
RedwoodRobotics,#555555
MekaRobotics,#555555
Holomni,#555555
EvntLive,#555555
BotDolly,#555555
Autofuss,#555555
Quikio,#555555
SportStream,#555555
PeerCDN,#555555
AsperaInc,#555555
Catchcom,#555555
BroadMap,#555555
Bitspin,#555555
SnappyLabs,#555555
Parature,#555555
Aviate,#555555
LittleEyeLabs,#555555
NestLabs,#555555
Branch,#555555
Impermium,#555555
SPARQ,#555555
CloudParty,#555555
DeepMindTechnologies,#555555
Tomfoolery,#555555
IncredibleLabs,#555555
Wander,#555555
Distill,#555555
SlickLogin,#555555
WhatsApp,#555555
spiderio,#555555
Burstly,#555555
CloudantInc,#555555
Vizify,#555555
GreenThrottle,#555555
OculusVR,#555555
Ascenta,#555555
SecondSync,#555555
Mesagraph,#555555
Cover,#555555
SilverpopSystemsInc,#555555
TitanAerospace,#555555
Gnip,#555555
ProtoGeoOy,#555555
Capptain,#555555
GreenButton,#555555
Rangespan,#555555
LuxVueTechnology,#555555
Adometry,#555555
MyEnergy,#555555
Stackdriver,#555555
Appetas,#555555
Blink,#555555
QuestVisual,#555555
Divide,#555555
TapCommerce,#555555
NamoMedia,#555555
Spotsetter,#555555
SkyboxImaging,#555555
PhotoDrive,#555555
AlpentalTechnologies,#555555
mDialog,#555555
SnappyTV,#555555
Dropcam,#555555
Appurify,#555555
BookLamp,#555555
Swell,#555555
Songza,#555555
SyntaxTree,#555555
InMage,#555555
RayV,#555555
Madbits,#555555
Flurry,#555555
drawElements,#555555
CardSpring,#555555
CrossIdeas,#555555
InceptionMobileInc,#555555
BeatsElectronics,#555555
Mitro,#555555
Director,#555555
Emu,#555555
PrivateCore,#555555
LighthouseSecurityGroup,#555555
LiveRail,#555555
ClarityRay,#555555
Jetpac,#555555
GeckoDesign,#555555
ZyncRender,#555555
WaveGroupSound,#555555
Luminate,#555555
LiftLabs,#555555
Polar,#555555
Bookpad,#555555
Prss,#555555
LittleInc,#555555
Firebase,#555555
DarkBlueLabsVisionFactory,#555555
Revolv,#555555
Twitpic,#555555
Mojang,#555555
BrightRoll,#555555
Aorato,#555555
RelativeWave,#555555
Cooliris,#555555
Acompli,#555555
HockeyApp,#555555
MediaGroupOne,#555555
Vidmaker,#555555
Witai,#555555
QuickfireNetworks,#555555
Equivio,#555555
ZipDial,#555555
Semetric,#555555
RevolutionAnalytics,#555555
SunriseAtelierInc,#555555
LaunchpadToys,#555555
Odysee,#555555
Niche,#555555
Ntrig,#555555
Softcard,#555555
RedHotLabs,#555555
AlchemyAPI,#555555
Periscopeapp,#555555
TheFindInc,#555555
FoundationDB,#555555
LiveLoop,#555555
Blekko,#555555
TenXer,#555555
Phytel,#555555
Explorys,#555555
DatazenSoftwareInc,#555555
LinX,#555555
SkillmanHackett,#555555
ThriveAudio,#555555
TellApart,#555555
Timeful,#555555
SurrealVision,#555555
Pulseio,#555555
6WunderkinderGmbH,#555555
Bluebox,#555555
BlueStripeSoftware,#555555
Whetlab,#555555
Agawi,#555555
FieldOneSystemsLLC,#555555
Pebbles,#555555
Adallom,#555555
Pixate,#555555
ComposeInc,#555555
Polyvore,#555555
IncentGamesLLC,#555555
MergeHealthcareInc,#555555
VoloMetrixInc,#555555
StrongLoopInc,#555555
DoubleLabsInc,#555555
Oyster,#555555
AdxstudioInc,#555555
MeteorixLLC,#555555
JibeMobile,#555555
TelekinesysResearchLtd,#555555
Endaga,#555555
Digisfera,#555555
ZeroPush,#555555
Fastlane,#555555
TheWeatherCompanydigitalassets,#555555
GravitantInc,#555555
MobileDataLabsInc,#555555
Cleversafe,#555555
SecureIslandsTechnologiesLtd,#555555
bebop,#555555
FlyLabs,#555555
Clearleap,#555555
Metanautix,#555555
TalkoInc,#555555
Emotient,#555555
IrisAnalytics,#555555
TeacherGamingLLC,#555555
Ustream,#555555
LearnSprout,#555555
ResourceAmmirati,#555555
FlybyMedia,#555555
ApertoAG,#555555
TouchTypeLtd,#555555
LegbaCore,#555555
ecxioAG,#555555
Groove,#555555
BandPage,#555555
Pie,#555555
TruvenHealthAnalytics,#555555
Xamarin,#555555
ResilientSystems,#555555
MSQRDMasquerade,#555555
Optevia,#555555
BlueWolfGroupLLC,#555555
Peer,#555555
Synergyse,#555555
Solair,#555555
TwoBigEars,#555555
EZSource,#555555
MagicPonyTechnology,#555555
Webpass,#555555
Moodstocks,#555555
Anvato,#555555
Kifi,#555555
LaunchKit,#555555
Turi,#555555
BeamnowknownasMixer,#555555
Orbitera,#555555
Genee,#555555
Gliimpse,#555555
Apigee,#555555
UrbanEngines,#555555
APIAI,#555555
NascentObjects,#555555
Tuplejump,#555555
PromontoryFinancialGroup,#555555
Infiniled,#555555
FameBit,#555555
Eyefluence,#555555
SanoviTechnologies,#555555
LeapDroid,#555555
CrowdTangle,#555555
Faciometrics,#555555
Qwiklabs,#555555
Indoorio,#555555
YesInc,#555555
LinkedIn,#555555
Cronologics,#555555
LimesAudio,#555555
Maluuba,#555555
Simplygon,#555555
Fabric,#555555
Agile3Solutions,#555555
Kaggle,#555555
AppBridge,#555555
Workflow,#555555
Deis,#555555
IntentionalSoftware,#555555
Beddit,#555555
OwlchemyLabs,#555555
LatticeData,#555555
XCCdivisionofTIMETOACT,#555555
Hexadite,#555555
SensoMotoricInstruments,#555555
Cloudyn,#555555
HalliLabs,#555555
Ozlo,#555555
CycleComputing,#555555
AIMatter,#555555
HTCportions,#555555
Vrvana,#555555
Bitium,#555555
Regaind,#555555
AltspaceVR,#555555
VivantDigital,#555555
RelayMedia,#555555
60db,#555555
tbh,#555555
SWNG,#555555
Shazam,#555555
Buddybuild,#555555
Confirm,#555555
Playfab,#555555
Texture,#555555
Tenor,#555555
SemanticMachines,#555555
Github,#555555
